Task_ID,WBS,Task_Name,Start,Duration,End,Predecessor,Owner,Team_Collaboration,Percent_Complete,Priority,Notes,Phase,Deliverable
DA-001,1.1,Review existing AKS infrastructure and identify eligible clusters,Week 1 Mon,5 d,Week 1 Fri,,DevOps Architect,CloudOps,0%,High,Identify 2 clusters for pilot,Discovery,Eligibility assessment document
DA-002,1.2,Conduct kickoff workshop with CloudOps and DevOps leads,Week 1 Mon,1 d,Week 1 Mon,,DevOps Architect,CloudOps + DevOps,0%,High,Define success criteria and rollout timeline,Discovery,Workshop notes and charter
ARCH-001,1.3,Research Azure Spot VM availability patterns in target region(s),Week 1 Mon,3 d,Week 1 Wed,,DevOps Architect,Individual,0%,High,Document regional spot history and availability zones,Research,Spot availability analysis
ARCH-002,1.4,Research AKS Cluster Autoscaler + Priority Expander best practices,Week 1 Thu-Fri,2 d,Week 1 Fri,ARCH-001,DevOps Architect,Individual,0%,High,Review official docs and community patterns,Research,Priority expander design notes
DA-003,1.5,Analyze current workload patterns for spot pool sizing,Week 1 Tue,5 d,Week 1 Fri,DA-002,DevOps Architect,CloudOps,0%,High,Determine SKU diversification strategy,Discovery,Spot sizing recommendation document
ARCH-003,1.6,Research Kubernetes Descheduler for sticky fallback solution,Week 2 Mon,1 d,Week 2 Mon,ARCH-002,DevOps Architect,Individual,0%,Medium,Validate RemovePodsViolatingNodeAffinity strategy,Research,Descheduler strategy document
ARCH-004,1.7,Research VMSS ghost instance issue and mitigations,Week 2 Tue,1 d,Week 2 Tue,ARCH-001,DevOps Architect,Individual,0%,Medium,Document scale_down_unready and auto-repair behavior,Research,VMSS ghost mitigation doc
ARCH-005,2.1,Design spot pool architecture (D/E/F families, 3 AZs),Week 2 Wed-Thu,2 d,Week 2 Thu,ARCH-003,DevOps Architect,Individual,0%,High,Create architecture decision record (ADR),Design,Spot pool ADR
DA-004,2.2,Finalize spot node pool configuration (D/E/F families, 3 AZs),Week 2 Mon,3 d,Week 2 Wed,DA-003,DevOps Architect,CloudOps,0%,High,Architecture decision record,Discovery,ADR document
ARCH-006,2.3,Design priority expander configuration and fallback strategy,Week 2 Fri,1 d,Week 2 Fri,ARCH-005,DevOps Architect,Individual,0%,High,Document priority weights and pool selection logic,Design,Priority expander config spec
DA-005,2.4,Define on-demand fallback pool sizing and priority expander,Week 2 Thu,2 d,Week 2 Fri,DA-004,DevOps Architect,DevOps,0%,High,Fallback policy document,Discovery,Fallback policy document
ARCH-007,2.5,Design monitoring and alerting strategy,Week 3 Mon,2 d,Week 3 Tue,ARCH-006,DevOps Architect,Individual,0%,High,Define metrics, dashboards, and alert thresholds,Design,Monitoring strategy doc
DA-006,2.6,Design Grafana dashboards and alerting thresholds,Week 2 Mon,2 d,Week 2 Tue,DA-003,DevOps Architect,CloudOps,0%,Medium,Monitoring requirements spec,Discovery,Monitoring requirements spec
ARCH-008,2.7,Design security model (Managed Identity, RBAC, network policies),Week 3 Wed,2 d,Week 3 Thu,ARCH-007,DevOps Architect,Individual,0%,High,Document security controls and compliance,Design,Security model document
DA-007,2.8,Security review of network policies and RBAC configuration,Week 2 Mon,5 d,Week 2 Fri,,DevOps Architect,Security,0%,Medium,Security approval document,Discovery,Security approval document
ARCH-009,2.9,Create architecture diagrams (C4 model or equivalent),Week 3 Fri,Week 4 Mon,3 d,Week 4 Mon,ARCH-008,DevOps Architect,Individual,0%,High,Visual diagrams for stakeholder communication,Design,Architecture diagram set
ARCH-010,3.1,Review and validate Terraform module code,Week 4 Tue,2 d,Week 4 Wed,ARCH-009,DevOps Architect,Individual,0%,High,Code review of aks-spot-optimized module,Code Review,Terraform review notes
ARCH-011,3.2,Review spot-tolerant deployment templates,Week 4 Thu,1 d,Week 4 Thu,ARCH-010,DevOps Architect,Individual,0%,High,Validate YAML templates for PDBs, affinity, spread,Code Review,Template review notes
ARCH-012,3.3,Review test suite (Go Terratest + Bash + Python),Week 4 Fri,1 d,Week 4 Fri,ARCH-011,DevOps Architect,Individual,0%,Medium,Validate test coverage and scenarios,Code Review,Test suite review notes
DA-008,3.4,Create Azure service principal and configure Terraform state storage,Week 3 Mon,2 d,Week 3 Tue,DA-005,DevOps Architect,CloudOps,0%,High,Infrastructure ready for IaC,Preparation,Infrastructure setup complete
DA-009,3.5,Run Terraform module validation and unit tests,Week 3 Wed,1 d,Week 3 Wed,DA-008,DevOps Architect,DevOps,0%,High,Test validation report,Preparation,Test validation report
ARCH-013,3.6,Review and update SRE runbooks for organizational context,Week 5 Mon,2 d,Week 5 Tue,ARCH-012,DevOps Architect,Individual,0%,High,Customize runbooks to team structure and tools,Documentation,Customized runbooks
ARCH-014,3.7,Review and update migration guide for DevOps teams,Week 5 Wed,1 d,Week 5 Wed,ARCH-013,DevOps Architect,Individual,0%,High,Ensure migration steps are clear and actionable,Documentation,Updated migration guide
ARCH-015,3.8,Create troubleshooting guide for common spot issues,Week 5 Thu,1 d,Week 5 Thu,ARCH-014,DevOps Architect,Individual,0%,Medium,Symptom-based diagnostic reference,Documentation,Troubleshooting guide
DA-010,3.9,Review and adapt SRE runbooks for organizational context,Week 3 Thu,2 d,Week 3 Fri,DA-006,DevOps Architect,CloudOps,0%,Medium,Customized runbooks,Preparation,Adapted runbooks
DA-011,3.10,Validate non-prod environment readiness for testing,Week 3 Fri,1 d,Week 3 Fri,DA-009,DevOps Architect,CloudOps,0%,High,Non-prod validation report,Preparation,Non-prod ready
ARCH-016,4.1,Set up local Kind cluster for spot simulation testing,Week 1 Mon,1 d,Week 1 Mon,,DevOps Architect,Individual,0%,High,Local test environment for experimentation,Experimentation,Kind cluster configured
ARCH-017,4.2,Run spot eviction simulation in local Kind cluster,Week 1 Tue-Wed,2 d,Week 1 Wed,ARCH-016,DevOps Architect,Individual,0%,High,Validate pod behavior during simulated eviction,Experimentation,Eviction simulation results
ARCH-018,4.3,Experiment with priority expander configurations in Kind,Week 1 Thu-Fri,2 d,Week 1 Fri,ARCH-017,DevOps Architect,Individual,0%,Medium,Test different priority weight scenarios,Experimentation,Priority expander test results
ARCH-019,4.4,Experiment with Pod Disruption Budget configurations,Week 2 Mon,1 d,Week 2 Mon,ARCH-018,DevOps Architect,Individual,0%,Medium,Test minAvailable percentages and behavior,Experimentation,PDB test results
ARCH-020,4.5,Experiment with topology spread constraints in Kind,Week 2 Tue,1 d,Week 2 Tue,ARCH-019,DevOps Architect,Individual,0%,Medium,Test zone and node pool spread behavior,Experimentation,Spread constraint test results
ARCH-021,4.6,Document experimental findings and recommendations,Week 2 Wed,1 d,Week 2 Wed,ARCH-020,DevOps Architect,Individual,0%,Medium,Capture lessons learned from experimentation,Experimentation,Experimentation summary
ARCH-022,5.1,Execute non-prod testing (Go unit tests),Week 4 Mon,1 d,Week 4 Mon,ARCH-015,DevOps Architect,Individual,0%,High,Run Terraform module validation tests,Testing,Unit test results
ARCH-023,5.2,Execute non-prod chaos testing (bash scripts),Week 4 Tue,1 d,Week 4 Tue,ARCH-022,DevOps Architect,Individual,0%,High,Run spot behavior test suite (50+ tests),Testing,Chaos test results
ARCH-024,5.3,Execute non-prod Python spot behavior tests,Week 4 Wed,1 d,Week 4 Wed,ARCH-023,DevOps Architect,Individual,0%,High,Run pytest suite for spot scenarios,Testing,Python test results
ARCH-025,5.4,Document any test failures and remediation steps,Week 4 Thu,1 d,Week 4 Thu,ARCH-024,DevOps Architect,Individual,0%,High,Track issues and resolution path,Testing,Test failure log
ARCH-026,5.5,Re-test after fixes and obtain non-prod sign-off,Week 4 Fri,1 d,Week 4 Fri,ARCH-025,DevOps Architect,Individual,0%,High,All tests must pass before pilot,Testing,Non-prod sign-off
DA-012,5.6,Execute complete test suite in non-prod environment (unit + integration),Week 4 Mon,3 d,Week 4 Wed,DA-011,DevOps Architect,DevOps,0%,High,MUST PASS before pilot,Non-Prod Testing,Test suite results
DA-013,5.7,Run chaos engineering tests in non-prod (eviction scenarios),Week 4 Thu,2 d,Week 4 Fri,DA-012,DevOps Architect,DevOps,0%,High,Validate resilience before pilot,Non-Prod Testing,Chaos test results
DA-014,5.8,Fix any issues found in non-prod testing,Week 5 Mon,2 d,Week 5 Tue,DA-013,DevOps Architect,DevOps,0%,High,Blocker if critical issues remain,Non-Prod Testing,Issues resolved
DA-015,5.9,Obtain sign-off from non-prod testing phase,Week 5 Wed,1 d,Week 5 Wed,DA-014,DevOps Architect,All,0%,High,Required to proceed to pilot,Non-Prod Testing,Sign-off obtained
ARCH-027,6.1,Create pilot cluster deployment playbook,Week 5 Mon,1 d,Week 5 Mon,ARCH-026,DevOps Architect,Individual,0%,High,Step-by-step deployment guide for 2 pilot clusters,Pilot Preparation,Pilot deployment playbook
ARCH-028,6.2,Prepare pilot cluster monitoring dashboards,Week 5 Tue,1 d,Week 5 Tue,ARCH-027,DevOps Architect,Individual,0%,High,Grafana dashboards pre-configured for pilot,Pilot Preparation,Pilot monitoring setup
ARCH-029,6.3,Create pilot observation checklist (what to watch for),Week 5 Wed,1 d,Week 5 Wed,ARCH-028,DevOps Architect,Individual,0%,Medium,Health check items during pilot,Pilot Preparation,Observation checklist
DA-016,6.4,Select and approve Pilot Cluster #1 (dev/test environment),Week 5 Mon,1 d,Week 5 Mon,DA-015,DevOps Architect,DevOps,0%,High,First of 2 pilot clusters,Pilot,Pilot cluster #1 selected
DA-017,6.5,Select and approve Pilot Cluster #2 (dev/test environment),Week 5 Mon,1 d,Week 5 Mon,DA-015,DevOps Architect,DevOps,0%,High,Second of 2 pilot clusters,Pilot,Pilot cluster #2 selected
DA-018,6.6,Deploy spot-enabled AKS module to Pilot Cluster #1,Week 5 Tue,1 d,Week 5 Tue,DA-016,DevOps Architect,CloudOps,0%,High,AKS cluster with spot pools,Pilot,Cluster #1 deployed
DA-019,6.7,Deploy spot-enabled AKS module to Pilot Cluster #2,Week 5 Wed,1 d,Week 5 Wed,DA-017,DA-018,AKS cluster with spot pools,Pilot,Cluster #2 deployed
DA-020,6.8,Establish baseline metrics for both pilot clusters,Week 5 Thu-Fri,2 d,Week 5 Fri,DA-019,DevOps Architect,DevOps,0%,High,Baseline metrics report,Pilot,Baseline metrics
DA-021,6.9,Migrate first batch of spot-tolerant workloads to Pilot Cluster #1,Week 6 Mon,2 d,Week 6 Tue,DA-020,DevOps Architect,DevOps,0%,High,Migrated workloads validation,Pilot,Workloads migrated #1
DA-022,6.10,Migrate first batch of spot-tolerant workloads to Pilot Cluster #2,Week 6 Wed,2 d,Week 6 Thu,DA-020,DA-021,Migrated workloads validation,Pilot,Workloads migrated #2
ARCH-030,7.1,Document pilot cluster #1 deployment and results,Week 6 Mon,1 d,Week 6 Mon,DA-021,DevOps Architect,Individual,0%,High,Capture configuration, metrics, and lessons,Pilot Documentation,Pilot #1 case study
ARCH-031,7.2,Document pilot cluster #2 deployment and results,Week 6 Wed,1 d,Week 6 Wed,DA-022,ARCH-030,Capture configuration, metrics, and lessons,Pilot Documentation,Pilot #2 case study
DA-023,7.3,Execute spot eviction simulation on Pilot Cluster #1,Week 6 Fri,1 d,Week 6 Fri,DA-021,DevOps Architect,DevOps,0%,High,Chaos test results,Pilot,Chaos test #1
DA-024,7.4,Execute spot eviction simulation on Pilot Cluster #2,Week 7 Mon,1 d,Week 7 Mon,DA-022,DA-023,Chaos test results,Pilot,Chaos test #2
ARCH-032,7.5,Compare pilot results and identify patterns or differences,Week 6 Fri,1 d,Week 6 Fri,ARCH-031,DevOps Architect,Individual,0%,Medium,Analysis of 2-pilot data,Pilot Documentation,Pilot comparison analysis
DA-025,7.6,Monitor pilot clusters for stability issues (48-hour observation),Week 7 Tue-Wed,2 d,Week 7 Wed,DA-024,DevOps Architect,CloudOps,0%,High,Stability observation report,Pilot,Stability verified
ARCH-033,7.7,Write pilot retrospective document with recommendations,Week 7 Thu,1 d,Week 7 Thu,DA-026,DevOps Architect,Individual,0%,High,Lessons learned and go/no-go recommendation,Pilot Documentation,Pilot retrospective
DA-026,7.8,Conduct pilot retrospective with teams and document lessons learned,Week 7 Thu,1 d,Week 7 Thu,DA-025,DevOps Architect,All,0%,High,Pilot retrospective document,Pilot,Retrospective complete
DA-027,7.9,Obtain pilot sign-off to proceed to staging,Week 7 Fri,1 d,Week 7 Fri,DA-026,DevOps Architect,All,0%,High,Required gate for staging,Pilot,Pilot sign-off
ARCH-034,8.1,Create production rollout checklist,Week 8 Mon,1 d,Week 8 Mon,DA-027,DevOps Architect,Individual,0%,High,Detailed checklist for production deployment,Production Prep,Production rollout checklist
ARCH-035,8.2,Create rollback procedure documentation,Week 8 Tue,1 d,Week 8 Tue,ARCH-034,DevOps Architect,Individual,0%,Critical,Step-by-step rollback if issues occur,Production Prep,Rollback procedure doc
ARCH-036,8.3,Prepare production go/no-go criteria document,Week 8 Wed,1 d,Week 8 Wed,ARCH-035,DevOps Architect,Individual,0%,High,Clear criteria for production decision,Production Prep,Go/no-go criteria
ARCH-037,8.4,Create production communication plan (stakeholders, timelines),Week 8 Thu,1 d,Week 8 Thu,ARCH-036,DevOps Architect,Individual,0%,Medium,Who needs to know what and when,Production Prep,Communication plan
DA-028,8.5,Deploy full spot configuration to staging environment,Week 8 Mon-Tue,2 d,Week 8 Tue,DA-027,DevOps Architect,CloudOps,0%,High,Staging validation report,Staging,Staging deployed
DA-029,8.6,Migrate eligible staging workloads to spot pools,Week 8 Wed-Thu,2 d,Week 8 Thu,DA-028,DevOps Architect,DevOps,0%,High,Staging workload validation,Staging,Staging workloads migrated
DA-030,8.7,Execute chaos testing in staging environment,Week 8 Fri,1 d,Week 8 Fri,DA-029,DevOps Architect,DevOps,0%,High,Staging chaos test results,Staging,Staging chaos tested
DA-031,8.8,Obtain staging sign-off for production deployment,Week 9 Mon,1 d,Week 9 Mon,DA-030,DevOps Architect,All,0%,High,Required gate for production,Staging,Staging sign-off
DA-032,9.1,Create detailed production rollout plan with rollback triggers,Week 9 Tue-Thu,3 d,Week 9 Thu,DA-031,DevOps Architect,All,0%,High,Production rollout plan (approved),Production Planning,Production plan
DA-033,9.2,Conduct production deployment go/no-go meeting,Week 9 Fri,1 d,Week 9 Fri,DA-032,DevOps Architect,All,0%,High,Go/no-go decision documented,Production Planning,Go/no-go decision
ARCH-038,9.3,Monitor production deployment (on-site or on-call),Week 10 Mon,1 d,Week 10 Mon,DA-034,DevOps Architect,Individual,0%,Critical,Real-time monitoring during deployment,Production Support,Deployment monitoring log
DA-034,9.4,Execute production deployment during maintenance window,Week 10 Mon,1 d,Week 10 Mon,DA-033,DevOps Architect,CloudOps,0%,High,Production cluster live,Production Rollout,Production deployed
DA-035,9.5,Deploy Kubernetes Descheduler for sticky fallback fix,Week 10 Tue,1 d,Week 10 Tue,DA-034,DevOps Architect,CloudOps,0%,Medium,Descheduler operational,Production Rollout,Descheduler deployed
ARCH-039,9.6,Monitor production batch migrations (all 4 batches),Week 10 Wed,Week 12 Fri,3 w,Week 12 Fri,DA-036,DevOps Architect,Individual,0%,High,Continuous monitoring during rollout,Production Support,Batch monitoring logs
ARCH-040,9.7,Conduct daily standups during production rollout,Week 10 Mon,Week 12 Fri,Daily,Week 12 Fri,DA-036,DevOps Architect,All,0%,High,Daily sync with CloudOps and DevOps,Production Support,Standup notes
ARCH-041,9.8,Document any production incidents and resolutions,Week 10 Mon,Week 12 Fri,Ongoing,Week 12 Fri,DA-036,DevOps Architect,Individual,0%,High,Incident log for post-mortem,Production Support,Incident log
DA-036,9.9,Migrate Batch 1 (20%) of eligible production workloads to spot,Week 10 Wed,1 d,Week 10 Wed,DA-035,DevOps Architect,DevOps,0%,High,First batch live,Production Rollout,Batch 1 live
DA-037,9.10,Monitor Batch 1 for 72 hours before proceeding,Week 10 Thu-Fri,Week 11 Mon,2 d,Week 11 Mon,DA-036,DevOps Architect,CloudOps,0%,High,Observation period,Production Rollout,Batch 1 verified
DA-038,9.11,Migrate Batch 2 (40% cumulative) of eligible production workloads to spot,Week 11 Tue,1 d,Week 11 Tue,DA-037,DevOps Architect,DevOps,0%,High,Second batch live,Production Rollout,Batch 2 live
DA-039,9.12,Monitor Batch 2 for 72 hours before proceeding,Week 11 Wed-Fri,3 d,Week 11 Fri,DA-038,DevOps Architect,CloudOps,0%,High,Observation period,Production Rollout,Batch 2 verified
DA-040,9.13,Migrate Batch 3 (70% cumulative) of eligible production workloads to spot,Week 12 Mon,1 d,Week 12 Mon,DA-039,DevOps Architect,DevOps,0%,High,Third batch live,Production Rollout,Batch 3 live
DA-041,9.14,Monitor Batch 3 for 72 hours before proceeding,Week 12 Tue-Thu,3 d,Week 12 Thu,DA-040,DevOps Architect,CloudOps,0%,High,Observation period,Production Rollout,Batch 3 verified
DA-042,9.15,Migrate Batch 4 (100% of eligible) production workloads to spot,Week 12 Fri,1 d,Week 12 Fri,DA-041,DevOps Architect,DevOps,0%,High,All eligible workloads on spot,Production Rollout,Batch 4 live
DA-043,9.16,Final production migration verification (48-hour stability check),Week 13 Mon-Tue,2 d,Week 13 Tue,DA-042,DevOps Architect,CloudOps,0%,High,Stability verification complete,Production Rollout,Final verification
ARCH-042,10.1,Create cost savings calculation model,Week 11 Mon,2 d,Week 11 Tue,DA-037,DevOps Architect,Individual,0%,High,Spreadsheet for tracking actual vs projected savings,Validation,Cost model spreadsheet
ARCH-043,10.2,Perform 30-day cost analysis after production rollout,Week 14 Mon,Week 17 Fri,4 w,Week 17 Fri,DA-043,DevOps Architect,Individual,0%,High,Compare before/after costs,Validation,Cost analysis report
ARCH-044,10.3,Perform SLA validation (availability metrics),Week 14 Mon,Week 17 Fri,4 w,Week 17 Fri,DA-043,DevOps Architect,Individual,0%,High,Verify 99.9% availability target met,Validation,SLA compliance report
DA-044,10.4,Verify actual cost savings against projected targets (30-day measurement),Week 14 Mon,4 w,Week 17 Fri,DA-043,DevOps Architect,CloudOps,0%,High,Cost savings analysis report,Validation,Cost analysis
DA-045,10.5,Confirm 99.9% availability target met with spot eviction events handled,Week 14 Mon,4 w,Week 17 Fri,DA-043,DevOps Architect,DevOps,0%,High,SLA compliance report,Validation,SLA verified
DA-046,10.6,Conduct post-implementation review and document final results,Week 18 Mon-Wed,3 d,Week 18 Wed,DA-044,DA-045,DevOps Architect,All,0%,High,Post-implementation review document,Validation,Post-implementation review
ARCH-045,10.7,Write post-implementation review document,Week 18 Mon-Wed,3 d,Week 18 Wed,ARCH-043,ARCH-044,DevOps Architect,Individual,0%,High,Final results, lessons learned, next steps,Validation,Post-implementation review
ARCH-046,11.1,Consolidate all documentation into handover package,Week 18 Thu-Fri,2 d,Week 18 Fri,ARCH-045,DevOps Architect,Individual,0%,High,Single package with all docs, runbooks, diagrams,Handover,Documentation package
ARCH-047,11.2,Create CloudOps training presentation,Week 19 Mon,1 d,Week 19 Mon,ARCH-046,DevOps Architect,Individual,0%,High,Slides for ops team training,Handover,Training presentation (ops)
ARCH-048,11.3,Create DevOps training presentation,Week 19 Mon,1 d,Week 19 Mon,ARCH-046,DevOps Architect,Individual,0%,High,Slides for DevOps team training,Handover,Training presentation (devops)
DA-047,11.4,Finalize all documentation (architecture diagrams, runbooks, troubleshooting guides),Week 18 Thu-Fri,Week 19 Mon,3 d,Week 19 Mon,DA-046,DevOps Architect,All,0%,High,Complete documentation package,Handover,Documentation complete
DA-048,11.5,Conduct training sessions for CloudOps (operations),Week 19 Tue,1 d,Week 19 Tue,DA-047,DevOps Architect,CloudOps,0%,High,Training delivered,Handover,Training (ops) complete
DA-049,11.6,Conduct training sessions for DevOps (workload configuration),Week 19 Wed,1 d,Week 19 Wed,DA-047,DevOps Architect,DevOps,0%,High,Training delivered,Handover,Training (devops) complete
ARCH-049,11.7,Deliver CloudOps training session,Week 19 Tue,1 d,Week 19 Tue,ARCH-047,DevOps Architect,Individual,0%,High,In-person or recorded training,Handover,Training delivered (ops)
ARCH-050,11.8,Deliver DevOps training session,Week 19 Wed,1 d,Week 19 Wed,ARCH-048,DevOps Architect,Individual,0%,High,In-person or recorded training,Handover,Training delivered (devops)
ARCH-051,11.9,Conduct formal handover meeting with CloudOps lead,Week 19 Thu,1 d,Week 19 Thu,ARCH-050,DevOps Architect,Individual,0%,High,Transfer ownership and sign-off,Handover,Handover sign-off
DA-050,11.10,Formal transfer of on-call responsibilities and runbook ownership to CloudOps,Week 19 Thu-Fri,Week 20 Mon,3 d,Week 20 Mon,DA-048,DA-049,DevOps Architect,CloudOps,0%,High,Ownership transfer completed,Handover,Ownership transferred
ARCH-052,12.1,Analyze 30-day autoscaler behavior and recommend tuning,Week 20 Mon,1 w,Week 20 Fri,ARCH-051,DevOps Architect,Individual,0%,Medium,Review metrics and recommend config changes,Optimization,Autoscaler tuning recommendations
ARCH-053,12.2,Analyze spot pool utilization and recommend SKU mix adjustments,Week 21 Mon,1 w,Week 21 Fri,ARCH-052,DevOps Architect,Individual,0%,Medium,Cost optimization opportunities,Optimization,SKU mix recommendations
DA-051,12.3,Analyze autoscaler behavior and tune scan intervals/scale-down delays,Week 20 Tue,2 w,Week 21 Fri,DA-050,DevOps Architect,CloudOps,0%,Medium,Optimized autoscaler profile,Optimization,Autoscaler tuned
DA-052,12.4,Review spot pool utilization and adjust SKU mix based on regional availability,Week 22 Mon,1 w,Week 22 Fri,DA-051,DevOps Architect,CloudOps,0%,Medium,SKU mix recommendations,Optimization,SKU adjusted
ARCH-054,12.5,Create quarterly review agenda template,Week 22 Mon,1 d,Week 22 Mon,ARCH-053,DevOps Architect,Individual,0%,Low,Template for ongoing spot performance reviews,Optimization,Quarterly review template
ARCH-055,12.6,Establish automated reporting for spot metrics,Week 22 Tue-Wed,2 d,Week 22 Wed,ARCH-054,DevOps Architect,Individual,0%,Medium,Automated dashboards and alerts,Optimization,Reporting automation setup
DA-053,12.7,Establish quarterly review cadence for spot performance and new AKS feature adoption,Week 23 Mon,1 d,Week 23 Mon,DA-052,DevOps Architect,All,0%,Low,Review schedule established,Optimization,Review cadence set
ARCH-056,13.1,Write lessons learned document for future rollouts,Week 23 Mon,1 d,Week 23 Mon,ARCH-055,DevOps Architect,Individual,0%,Medium,What worked, what didn't, recommendations,Closing,Lessons learned document
ARCH-057,13.2,Update CONSOLIDATED_PROJECT_BRIEF.md with final status,Week 23 Tue,1 d,Week 23 Tue,ARCH-056,DevOps Architect,Individual,0%,High,Update project brief to completed,Closing,Updated project brief
ARCH-058,13.3,Archive project artifacts and create final summary,Week 23 Wed,1 d,Week 23 Wed,ARCH-057,DevOps Architect,Individual,0%,Medium,Final project summary and archive,Closing,Project archive
