Task_ID,WBS,Task_Name,Start,Duration,End,Predecessor,Owner,Percent_Complete,Priority,Notes,Phase,Deliverable,Project_Files
ARCH-001,1.1,Research Azure Spot VM availability patterns in target region(s),Week 1 Mon,3 d,Week 1 Wed,,DevOps Architect,0%,High,Document regional spot history and availability zones,Research,Spot availability analysis,docs/spot-research/orchestration-plan.md
ARCH-002,1.2,Research AKS Cluster Autoscaler + Priority Expander best practices,Week 1 Thu-Fri,2 d,Week 1 Fri,ARCH-001,DevOps Architect,0%,High,Review official docs and community patterns,Research,Priority expander design notes,terraform/modules/aks-spot-optimized/priority-expander.tf; docs/AKS_SPOT_NODE_ARCHITECTURE.md
ARCH-003,1.3,Research Kubernetes Descheduler for sticky fallback solution,Week 2 Mon,1 d,Week 2 Mon,ARCH-002,DevOps Architect,0%,Medium,Validate RemovePodsViolatingNodeAffinity strategy,Research,Descheduler strategy document,docs/SPOT_EVICITION_SCENARIOS.md
ARCH-004,1.4,Research VMSS ghost instance issue and mitigations,Week 2 Tue,1 d,Week 2 Tue,ARCH-001,DevOps Architect,0%,Medium,Document scale_down_unready and auto-repair behavior,Research,VMSS ghost mitigation doc,docs/TROUBLESHOOTING_GUIDE.md; docs/SRE_OPERATIONAL_RUNBOOK.md; tests/aks-spot-test-orchestrator/aks_spot_test/remediators/vmss_ghost.py
ARCH-005,2.1,Design spot pool architecture (D/E/F families + 3 AZs),Week 2 Wed-Thu,2 d,Week 2 Thu,ARCH-003,DevOps Architect,0%,High,Create architecture decision record (ADR),Design,Spot pool ADR,docs/AKS_SPOT_NODE_ARCHITECTURE.md; terraform/modules/aks-spot-optimized/node-pools.tf
ARCH-006,2.2,Design priority expander configuration and fallback strategy,Week 2 Fri,1 d,Week 2 Fri,ARCH-005,DevOps Architect,0%,High,Document priority weights and pool selection logic,Design,Priority expander config spec,terraform/modules/aks-spot-optimized/priority-expander.tf; docs/AKS_SPOT_NODE_ARCHITECTURE.md
ARCH-007,2.3,Design monitoring and alerting strategy,Week 3 Mon,2 d,Week 3 Tue,ARCH-006,DevOps Architect,0%,High,Define metrics and dashboards and alert thresholds,Design,Monitoring strategy doc,monitoring/dashboards/aks-spot-overview.json; monitoring/dashboards/aks-autoscaler-status.json
ARCH-008,2.4,Design security model (Managed Identity + RBAC + network policies),Week 3 Wed,2 d,Week 3 Thu,ARCH-007,DevOps Architect,0%,High,Document security controls and compliance requirements,Design,Security model document,docs/SECURITY_ASSESSMENT.md; terraform/modules/aks-spot-optimized/rbac.tf
ARCH-009,2.5,Create architecture diagrams (C4 model or equivalent),Week 3 Fri,Week 4 Mon,3 d,Week 4 Mon,ARCH-008,DevOps Architect,0%,High,Visual diagrams for stakeholder communication,Design,Architecture diagram set,docs/AKS_SPOT_NODE_ARCHITECTURE.md; docs/EXECUTIVE_PRESENTATION.md
ARCH-010,3.1,Review and validate Terraform module code,Week 4 Tue,2 d,Week 4 Wed,ARCH-009,DevOps Architect,0%,High,Code review of aks-spot-optimized module,Code Review,Terraform review notes,terraform/modules/aks-spot-optimized/main.tf; terraform/modules/aks-spot-optimized/variables.tf; terraform/modules/aks-spot-optimized/outputs.tf; terraform/modules/aks-spot-optimized/node-pools.tf
ARCH-011,3.2,Review spot-tolerant deployment templates,Week 4 Thu,1 d,Week 4 Thu,ARCH-010,DevOps Architect,0%,High,Validate YAML templates for PDBs and affinity and spread,Code Review,Template review notes,terraform/modules/aks-spot-optimized/templates/spot-tolerant-deployment.yaml.tpl; docs/DEVOPS_TEAM_GUIDE.md
ARCH-012,3.3,Review test suite (Go Terratest + Bash + Python),Week 4 Fri,1 d,Week 4 Fri,ARCH-011,DevOps Architect,0%,Medium,Validate test coverage and scenarios,Code Review,Test suite review notes,tests/aks-spot-test-orchestrator/README.md; tests/spot-behavior-python/README.md; tests/TEST_CONFIGURATION_GUIDE.md
ARCH-013,3.4,Review and update SRE runbooks for organizational context,Week 5 Mon,2 d,Week 5 Tue,ARCH-012,DevOps Architect,0%,High,Customize runbooks to team structure and tools,Documentation,Customized runbooks,docs/SRE_OPERATIONAL_RUNBOOK.md; runbooks/cloudops-migration-kit/README.md; runbooks/cloudops-migration-kit/add-spot-pools.sh; runbooks/cloudops-migration-kit/rollback-spot-pools.sh
ARCH-014,3.5,Review and update migration guide for DevOps teams,Week 5 Wed,1 d,Week 5 Wed,ARCH-013,DevOps Architect,0%,High,Ensure migration steps are clear and actionable,Documentation,Updated migration guide,docs/MIGRATION_GUIDE.md; docs/MIGRATION_GUIDE_CONSERVATIVE.md; docs/DEPLOYMENT_GUIDE.md
ARCH-015,3.6,Create troubleshooting guide for common spot issues,Week 5 Thu,1 d,Week 5 Thu,ARCH-014,DevOps Architect,0%,Medium,Symptom-based diagnostic reference,Documentation,Troubleshooting guide,docs/TROUBLESHOOTING_GUIDE.md; docs/SRE_OPERATIONAL_RUNBOOK.md
ARCH-016,4.1,Set up local Kind cluster for spot simulation testing,Week 1 Mon,1 d,Week 1 Mon,,DevOps Architect,0%,High,Local test environment for experimentation,Experimentation,Kind cluster configured,kind-config.yaml; docs/KIND_SPOT_TESTING.md
ARCH-017,4.2,Run spot eviction simulation in local Kind cluster,Week 1 Tue-Wed,2 d,Week 1 Wed,ARCH-016,DevOps Architect,0%,High,Validate pod behavior during simulated eviction,Experimentation,Eviction simulation results,scripts/simulate_spot_contention.sh; spot-deployment.yaml; docs/KIND_SPOT_TESTING.md
ARCH-018,4.3,Experiment with priority expander configurations in Kind,Week 1 Thu-Fri,2 d,Week 1 Fri,ARCH-017,DevOps Architect,0%,Medium,Test different priority weight scenarios,Experimentation,Priority expander test results,terraform/modules/aks-spot-optimized/priority-expander.tf; docs/KIND_SPOT_TESTING.md
ARCH-019,4.4,Experiment with Pod Disruption Budget configurations,Week 2 Mon,1 d,Week 2 Mon,ARCH-018,DevOps Architect,0%,Medium,Test minAvailable percentages and behavior,Experimentation,PDB test results,tests/spot-behavior-python/categories/test_03_pdb_enforcement.py; docs/DEVOPS_TEAM_GUIDE.md
ARCH-020,4.5,Experiment with topology spread constraints in Kind,Week 2 Tue,1 d,Week 2 Tue,ARCH-019,DevOps Architect,0%,Medium,Test zone and node pool spread behavior,Experimentation,Spread constraint test results,tests/spot-behavior-python/categories/test_04_topology_spread.py; docs/DEVOPS_TEAM_GUIDE.md
ARCH-021,4.6,Document experimental findings and recommendations,Week 2 Wed,1 d,Week 2 Wed,ARCH-020,DevOps Architect,0%,Medium,Capture lessons learned from experimentation,Experimentation,Experimentation summary document,docs/KIND_SPOT_TESTING.md; docs/CHAOS_ENGINEERING_TESTS.md
ARCH-022,5.1,Execute non-prod testing (Go unit tests),Week 4 Mon,1 d,Week 4 Mon,ARCH-015,DevOps Architect,0%,High,Run Terraform module validation tests,Testing,Unit test results,tests/run-tests.sh; tests/aks-spot-test-orchestrator/aks_spot_test/runners/terratest_runner.py
ARCH-023,5.2,Execute non-prod chaos testing (bash scripts),Week 4 Tue,1 d,Week 4 Tue,ARCH-022,DevOps Architect,0%,High,Run spot behavior test suite (50+ tests),Testing,Chaos test results,tests/spot-behavior/run-all-tests.sh; tests/aks-spot-test-orchestrator/aks_spot_test/runners/bash_runner.py; docs/CHAOS_ENGINEERING_TESTS.md
ARCH-024,5.3,Execute non-prod Python spot behavior tests,Week 4 Wed,1 d,Week 4 Wed,ARCH-023,DevOps Architect,0%,High,Run pytest suite for spot scenarios,Testing,Python test results,tests/spot-behavior-python/run_all_tests.py; tests/spot-behavior-python/README.md
ARCH-025,5.4,Document any test failures and remediation steps,Week 4 Thu,1 d,Week 4 Thu,ARCH-024,DevOps Architect,0%,High,Track issues and resolution path,Testing,Test failure log,tests/TEST_CONFIGURATION_GUIDE.md; docs/TROUBLESHOOTING_GUIDE.md
ARCH-026,5.5,Re-test after fixes and obtain non-prod sign-off,Week 4 Fri,1 d,Week 4 Fri,ARCH-025,DevOps Architect,0%,High,All tests must pass before pilot,Testing,Non-prod sign-off obtained,tests/validate-scripts.sh; docs/TROUBLESHOOTING_GUIDE.md
ARCH-027,6.1,Create pilot cluster deployment playbook,Week 5 Mon,1 d,Week 5 Mon,ARCH-026,DevOps Architect,0%,High,Step-by-step deployment guide for 2 pilot clusters,Pilot Preparation,Pilot deployment playbook,runbooks/cloudops-migration-kit/add-spot-pools.sh; runbooks/cloudops-migration-kit/deploy-priority-expander.sh; runbooks/cloudops-migration-kit/validate-spot-setup.sh
ARCH-028,6.2,Prepare pilot cluster monitoring dashboards,Week 5 Tue,1 d,Week 5 Tue,ARCH-027,DevOps Architect,0%,High,Grafana dashboards pre-configured for pilot,Pilot Preparation,Pilot monitoring setup,monitoring/dashboards/aks-spot-overview.json; monitoring/dashboards/aks-autoscaler-status.json
ARCH-029,6.3,Create pilot observation checklist (what to watch for),Week 5 Wed,1 d,Week 5 Wed,ARCH-028,DevOps Architect,0%,Medium,Health check items during pilot,Pilot Preparation,Observation checklist,docs/SRE_OPERATIONAL_RUNBOOK.md; docs/TROUBLESHOOTING_GUIDE.md
ARCH-030,7.1,Document pilot cluster #1 deployment and results,Week 6 Mon,1 d,Week 6 Mon,DA-021,DevOps Architect,0%,High,Capture configuration and metrics and lessons,Pilot Documentation,Pilot #1 case study,docs/SRE_OPERATIONAL_RUNBOOK.md; docs/FLEET_ROLLOUT_STRATEGY.md
ARCH-031,7.2,Document pilot cluster #2 deployment and results,Week 6 Wed,1 d,Week 6 Wed,DA-022,ARCH-030,DevOps Architect,0%,High,Capture configuration and metrics and lessons,Pilot Documentation,Pilot #2 case study,docs/SRE_OPERATIONAL_RUNBOOK.md; docs/FLEET_ROLLOUT_STRATEGY.md
ARCH-032,7.3,Compare pilot results and identify patterns or differences,Week 6 Fri,1 d,Week 6 Fri,ARCH-031,DevOps Architect,0%,Medium,Analysis of 2-pilot data,Pilot Documentation,Pilot comparison analysis,docs/FLEET_ROLLOUT_STRATEGY.md; docs/PRINCIPAL_ENGINEER_AUDIT.md
ARCH-033,7.4,Write pilot retrospective document with recommendations,Week 7 Thu,1 d,Week 7 Thu,DA-026,DevOps Architect,0%,High,Lessons learned and go/no-go recommendation,Pilot Documentation,Pilot retrospective,docs/SRE_OPERATIONAL_RUNBOOK.md; docs/PRINCIPAL_ENGINEER_AUDIT.md
ARCH-034,8.1,Create production rollout checklist,Week 8 Mon,1 d,Week 8 Mon,DA-027,DevOps Architect,0%,High,Detailed checklist for production deployment,Production Prep,Production rollout checklist,runbooks/cloudops-migration-kit/README.md; docs/DEPLOYMENT_GUIDE.md; docs/FLEET_ROLLOUT_STRATEGY.md
ARCH-035,8.2,Create rollback procedure documentation,Week 8 Tue,1 d,Week 8 Tue,ARCH-034,DevOps Architect,0%,Critical,Step-by-step rollback if issues occur,Production Prep,Rollback procedure doc,runbooks/cloudops-migration-kit/rollback-spot-pools.sh; docs/SRE_OPERATIONAL_RUNBOOK.md; docs/TROUBLESHOOTING_GUIDE.md
ARCH-036,8.3,Prepare production go/no-go criteria document,Week 8 Wed,1 d,Week 8 Wed,ARCH-035,DevOps Architect,0%,High,Clear criteria for production decision,Production Prep,Go/no-go criteria,docs/PRINCIPAL_ENGINEER_AUDIT.md; docs/FLEET_ROLLOUT_STRATEGY.md
ARCH-037,8.4,Create production communication plan (stakeholders and timelines),Week 8 Thu,1 d,Week 8 Thu,ARCH-036,DevOps Architect,0%,Medium,Who needs to know what and when,Production Prep,Communication plan,docs/EXECUTIVE_PRESENTATION.md; docs/FLEET_ROLLOUT_STRATEGY.md
ARCH-038,9.1,Monitor production deployment (on-site or on-call),Week 10 Mon,1 d,Week 10 Mon,DA-034,DevOps Architect,0%,Critical,Real-time monitoring during deployment,Production Support,Deployment monitoring log,tests/aks-spot-test-orchestrator/aks_spot_test/monitors/cluster_state.py; tests/aks-spot-test-orchestrator/aks_spot_test/monitors/eviction_rate.py
ARCH-039,9.2,Monitor production batch migrations (all 4 batches),Week 10 Wed,Week 12 Fri,3 w,Week 12 Fri,DA-036,DevOps Architect,0%,High,Continuous monitoring during rollout,Production Support,Batch monitoring logs,tests/aks-spot-test-orchestrator/aks_spot_test/monitors/eviction_rate.py; tests/aks-spot-test-orchestrator/aks_spot_test/monitors/cluster_state.py
ARCH-040,9.3,Conduct daily standups during production rollout,Week 10 Mon,Week 12 Fri,Daily,Week 12 Fri,DA-036,DevOps Architect,0%,High,Daily sync with CloudOps and DevOps,Production Support,Standup notes,docs/SRE_OPERATIONAL_RUNBOOK.md
ARCH-041,9.4,Document any production incidents and resolutions,Week 10 Mon,Week 12 Fri,Ongoing,Week 12 Fri,DA-036,DevOps Architect,0%,High,Incident log for post-mortem,Production Support,Incident log,docs/SRE_OPERATIONAL_RUNBOOK.md; docs/TROUBLESHOOTING_GUIDE.md
ARCH-042,10.1,Create cost savings calculation model,Week 11 Mon,2 d,Week 11 Tue,DA-037,DevOps Architect,0%,High,Spreadsheet for tracking actual vs projected savings,Validation,Cost model spreadsheet,docs/FINOPS_COST_ANALYSIS.md; terraform/modules/aks-spot-optimized/outputs.tf
ARCH-043,10.2,Perform 30-day cost analysis after production rollout,Week 14 Mon,Week 17 Fri,4 w,Week 17 Fri,DA-043,DevOps Architect,0%,High,Compare before/after costs,Validation,Cost analysis report,docs/FINOPS_COST_ANALYSIS.md; scripts/devops_toolkit.py
ARCH-044,10.3,Perform SLA validation (availability metrics),Week 14 Mon,Week 17 Fri,4 w,Week 17 Fri,DA-043,DevOps Architect,0%,High,Verify 99.9% availability target met,Validation,SLA compliance report,docs/PRINCIPAL_ENGINEER_AUDIT.md; tests/aks-spot-test-orchestrator/aks_spot_test/reporters/markdown_reporter.py
ARCH-045,10.4,Write post-implementation review document,Week 18 Mon-Wed,3 d,Week 18 Wed,ARCH-043,ARCH-044,DevOps Architect,0%,High,Final results and lessons learned and next steps,Validation,Post-implementation review,docs/PRINCIPAL_ENGINEER_AUDIT.md; CONSOLIDATED_PROJECT_BRIEF.md
ARCH-046,11.1,Consolidate all documentation into handover package,Week 18 Thu-Fri,2 d,Week 18 Fri,ARCH-045,DevOps Architect,0%,High,Single package with all docs and runbooks and diagrams,Handover,Documentation package,All docs in docs/ and runbooks/
ARCH-047,11.2,Create CloudOps training presentation,Week 19 Mon,1 d,Week 19 Mon,ARCH-046,DevOps Architect,0%,High,Slides for ops team training,Handover,Training presentation (ops),docs/EXECUTIVE_PRESENTATION.md; runbooks/cloudops-migration-kit/README.md; docs/SRE_OPERATIONAL_RUNBOOK.md
ARCH-048,11.3,Create DevOps training presentation,Week 19 Mon,1 d,Week 19 Mon,ARCH-046,DevOps Architect,0%,High,Slides for DevOps team training,Handover,Training presentation (devops),docs/DEVOPS_TEAM_GUIDE.md; docs/MIGRATION_GUIDE.md; docs/DEPLOYMENT_GUIDE.md
ARCH-049,11.4,Deliver CloudOps training session,Week 19 Tue,1 d,Week 19 Tue,ARCH-047,DevOps Architect,0%,High,In-person or recorded training,Handover,Training delivered (ops),docs/EXECUTIVE_PRESENTATION.md; runbooks/cloudops-migration-kit/README.md; docs/SRE_OPERATIONAL_RUNBOOK.md
ARCH-050,11.5,Deliver DevOps training session,Week 19 Wed,1 d,Week 19 Wed,ARCH-048,DevOps Architect,0%,High,In-person or recorded training,Handover,Training delivered (devops),docs/DEVOPS_TEAM_GUIDE.md; docs/MIGRATION_GUIDE.md; docs/DEPLOYMENT_GUIDE.md
ARCH-051,11.6,Conduct formal handover meeting with CloudOps lead,Week 19 Thu,1 d,Week 19 Thu,ARCH-050,DevOps Architect,0%,High,Transfer ownership and sign-off,Handover,Handover sign-off document,docs/SRE_OPERATIONAL_RUNBOOK.md; runbooks/cloudops-migration-kit/README.md
ARCH-052,12.1,Analyze 30-day autoscaler behavior and recommend tuning,Week 20 Mon,1 w,Week 20 Fri,ARCH-051,DevOps Architect,0%,Medium,Review metrics and recommend config changes,Optimization,Autoscaler tuning recommendations,runbooks/cloudops-migration-kit/update-autoscaler-profile.sh; docs/AKS_SPOT_NODE_ARCHITECTURE.md
ARCH-053,12.2,Analyze spot pool utilization and recommend SKU mix adjustments,Week 21 Mon,1 w,Week 21 Fri,ARCH-052,DevOps Architect,0%,Medium,Cost optimization opportunities,Optimization,SKU mix recommendations,docs/FINOPS_COST_ANALYSIS.md; terraform/modules/aks-spot-optimized/node-pools.tf; scripts/devops_toolkit.py
ARCH-054,12.3,Create quarterly review agenda template,Week 22 Mon,1 d,Week 22 Mon,ARCH-053,DevOps Architect,0%,Low,Template for ongoing spot performance reviews,Optimization,Quarterly review template,docs/SCALED_SPOT_ORCHESTRATION.md; docs/FLEET_ROLLOUT_STRATEGY.md
ARCH-055,12.4,Establish automated reporting for spot metrics,Week 22 Tue-Wed,2 d,Week 22 Wed,ARCH-054,DevOps Architect,0%,Medium,Automated dashboards and alerts,Optimization,Reporting automation setup,monitoring/dashboards/aks-spot-overview.json; monitoring/dashboards/aks-autoscaler-status.json; tests/aks-spot-test-orchestrator/aks_spot_test/reporters/json_reporter.py
ARCH-056,13.1,Write lessons learned document for future rollouts,Week 23 Mon,1 d,Week 23 Mon,ARCH-055,DevOps Architect,0%,Medium,What worked and what didn't and recommendations,Closing,Lessons learned document,docs/PRINCIPAL_ENGINEER_AUDIT.md; docs/CHAOS_ENGINEERING_TESTS.md
ARCH-057,13.2,Update CONSOLIDATED_PROJECT_BRIEF.md with final status,Week 23 Tue,1 d,Week 23 Tue,ARCH-056,DevOps Architect,0%,High,Update project brief to completed,Closing,Updated project brief,CONSOLIDATED_PROJECT_BRIEF.md
ARCH-058,13.3,Archive project artifacts and create final summary,Week 23 Wed,1 d,Week 23 Wed,ARCH-057,DevOps Architect,0%,Medium,Final project summary and archive,Closing,Project archive,All project files archived
